{"rmse": {"classic": 1.949304639592066, "elm-eca": 2.840264635319191, "jules-inferno-vn6p3": 1.7965880840088768, "lpj-guess-simfire-blaze": 1.9905450550561465, "lpj-guess-spitfire": 1.940450532481321, "lpjml5-7-10-fire": 2.100118585209052, "orchidee-mict": 2.624489932675999, "ssib4-triffid-fire": 1.7296365500548339, "visit": 2.166138081438131}, "spatial_rmse": {"classic": 0.791333459560891, "elm-eca": 0.8144918073857484, "jules-inferno-vn6p3": 0.5770112215069156, "lpj-guess-simfire-blaze": 0.5844999949337518, "lpj-guess-spitfire": 0.6917012273957368, "lpjml5-7-10-fire": 0.6857396915001146, "orchidee-mict": 1.1877719491469974, "ssib4-triffid-fire": 0.560179698504482, "visit": 1.092010830191251}, "corr": {"classic": 0.3455342621169147, "elm-eca": 0.0765293283641923, "jules-inferno-vn6p3": 0.31235213111061993, "lpj-guess-simfire-blaze": 0.270043664118681, "lpj-guess-spitfire": 0.24330103928667868, "lpjml5-7-10-fire": 0.26727835938549804, "orchidee-mict": 0.14426580999894992, "ssib4-triffid-fire": 0.4671623157055523, "visit": 0.011180024211047272}, "spatial_corr": {"classic": 0.5934765803566325, "elm-eca": 0.2777776601965193, "jules-inferno-vn6p3": 0.6071172014636881, "lpj-guess-simfire-blaze": 0.5891320025859786, "lpj-guess-spitfire": 0.4471138773806161, "lpjml5-7-10-fire": 0.5367273136779542, "orchidee-mict": 0.369643724420748, "ssib4-triffid-fire": 0.691796156793611, "visit": 0.00717836181823788}, "monthly_corr": {"classic": 0.6140755769740195, "elm-eca": 0.017344835928067424, "jules-inferno-vn6p3": 0.49488086845627094, "lpj-guess-simfire-blaze": 0.6301043199769815, "lpj-guess-spitfire": 0.46552869797204777, "lpjml5-7-10-fire": 0.48132019891629163, "orchidee-mict": 0.0626822340690111, "ssib4-triffid-fire": 0.8258988637249955, "visit": 0.17557710839038707}, "yearly_corr": {"classic": 0.5498107305539927, "elm-eca": 0.14573565130283236, "jules-inferno-vn6p3": 0.6002265464892017, "lpj-guess-simfire-blaze": 0.20945111471643663, "lpj-guess-spitfire": 0.16777515662269032, "lpjml5-7-10-fire": 0.197756885583035, "orchidee-mict": -0.19620210714766248, "ssib4-triffid-fire": 0.6002197525071059, "visit": -0.3659647278777781}}