{"rmse": {"classic": 2.1845606569600617, "elm-eca": 3.0663870586382673, "jules-inferno-vn6p3": 2.1558902905224513, "lpj-guess-simfire-blaze": 2.300888963930466, "lpj-guess-spitfire": 2.3206462004022086, "lpjml5-7-10-fire": 2.3668679277885247, "orchidee-mict": 2.8326201581519244, "ssib4-triffid-fire": 2.0198024022527137, "visit": 2.5572356732321286}, "spatial_rmse": {"classic": 0.8749051115056524, "elm-eca": 1.0197352154446289, "jules-inferno-vn6p3": 0.8152230153644331, "lpj-guess-simfire-blaze": 0.8504647248729702, "lpj-guess-spitfire": 0.9561114317249353, "lpjml5-7-10-fire": 0.8891539785051797, "orchidee-mict": 1.2445207878829088, "ssib4-triffid-fire": 0.753757629345158, "visit": 1.321123457830965}, "corr": {"classic": 0.4033520931143839, "elm-eca": 0.10754328035901363, "jules-inferno-vn6p3": 0.37471376901594733, "lpj-guess-simfire-blaze": 0.2939694987383366, "lpj-guess-spitfire": 0.2555020081460597, "lpjml5-7-10-fire": 0.2963416051299603, "orchidee-mict": 0.17872038383720865, "ssib4-triffid-fire": 0.5058711785418816, "visit": 0.009615216999570287}, "spatial_corr": {"classic": 0.6113290382855263, "elm-eca": 0.32150665705198067, "jules-inferno-vn6p3": 0.6210381556203692, "lpj-guess-simfire-blaze": 0.5782276349578378, "lpj-guess-spitfire": 0.42735666609171147, "lpjml5-7-10-fire": 0.5288621820345932, "orchidee-mict": 0.40099198720505586, "ssib4-triffid-fire": 0.6913629040329508, "visit": -0.0063284315701396}, "monthly_corr": {"classic": 0.5514668357536413, "elm-eca": 0.11455283062511659, "jules-inferno-vn6p3": 0.3920122214050298, "lpj-guess-simfire-blaze": 0.49039009692703484, "lpj-guess-spitfire": 0.17695569401151223, "lpjml5-7-10-fire": 0.35271707767614036, "orchidee-mict": -0.1283831355081398, "ssib4-triffid-fire": 0.6633600833071125, "visit": 0.11116178815807355}, "yearly_corr": {"classic": 0.7953103513899578, "elm-eca": 0.06739742684831769, "jules-inferno-vn6p3": 0.29083096456844704, "lpj-guess-simfire-blaze": 0.5669374525820353, "lpj-guess-spitfire": 0.3802719858292041, "lpjml5-7-10-fire": -0.0077847910003812, "orchidee-mict": -0.3384425284008889, "ssib4-triffid-fire": 0.6925343924363208, "visit": -0.20746355028652175}}