,BONA,TENA,CEAM,NHSA,SHSA,EURO,MIDE,NHAF,SHAF,BOAS,CEAS,SEAS,EQAS,AUST
rmse,0.45694409079759907,0.42949779488172846,0.9814549309040179,0.7455771092309597,1.0007294907687385,0.38989211807671936,0.3335623578952118,3.172782072567648,3.3093141758503752,1.1794907743118996,1.1799501682093665,2.475616710234245,0.6598084341111544,2.4958785853428793
spatial_rmse,0.10231430802434648,0.1292238368812715,0.3850293670128616,0.31481059226269714,0.4348777863284508,0.11397886618900643,0.13190188804859537,0.9915333954361598,1.0742082502826324,0.26803307481484456,0.26744366674338305,0.8960094379645107,0.3266590246288879,0.6367438380940168
corr,0.12331487367746082,0.14385404881649594,0.5338702108633048,0.6503297718882867,0.4545918183611916,0.3355334629233218,0.19603670292708,0.780654285198628,0.7567110638131892,0.45979694802624954,0.32556068703509483,0.6009591161316534,0.386480700336781,0.3180391721964853
spatial_corr,0.29849298051620815,0.304944094831706,0.5543580396206703,0.7724191541967552,0.5501094921220866,0.6357397000004982,0.3481796737991786,0.9031800490815327,0.8752453476726866,0.70146321903395,0.6349895374655947,0.6038586198584722,0.4080181339147154,0.7138300871048338
monthly_corr,0.36251170490090173,0.7159767572231164,0.8877271996431547,0.9623379128715664,0.9352777109849051,0.7326352641014344,0.7404599234263488,0.9855685183421239,0.973901145332677,0.8765608100372155,0.7611667233832112,0.9280195583755938,0.8916469408726302,0.7793853046954108
yearly_corr,0.4921463314774461,0.8730209449581133,0.8484161301219193,0.8075899427674864,0.7621989038301369,0.6922572537489118,0.12833903816073164,0.8021039687104008,0.6704806567805505,0.6569476623607033,0.667072100892662,0.7326904883355032,0.9480837174268537,0.8686542274530386
