{"rmse": {"classic": 2.0823401411721902, "elm-eca": 2.9955684598112833, "jules-inferno-vn6p3": 2.048910947760201, "lpj-guess-simfire-blaze": 2.212637500778478, "lpj-guess-spitfire": 2.210973796661175, "lpjml5-7-10-fire": 2.2685588969882757, "orchidee-mict": 2.759046506795373, "ssib4-triffid-fire": 1.920826277227032, "visit": 2.4600114454411135}, "spatial_rmse": {"classic": 0.8784618739787682, "elm-eca": 1.0276323111111025, "jules-inferno-vn6p3": 0.8139513538012644, "lpj-guess-simfire-blaze": 0.8490404914042653, "lpj-guess-spitfire": 0.9501729428144684, "lpjml5-7-10-fire": 0.8806406106557179, "orchidee-mict": 1.24896853125702, "ssib4-triffid-fire": 0.764610030980295, "visit": 1.32113119147721}, "corr": {"classic": 0.412821217550831, "elm-eca": 0.10763091164734884, "jules-inferno-vn6p3": 0.38182972370289703, "lpj-guess-simfire-blaze": 0.29359904714424034, "lpj-guess-spitfire": 0.2638033191570442, "lpjml5-7-10-fire": 0.31389093093256437, "orchidee-mict": 0.1843440594731451, "ssib4-triffid-fire": 0.5118405027196836, "visit": 0.008026016875195194}, "spatial_corr": {"classic": 0.5999034683127286, "elm-eca": 0.2991307455183282, "jules-inferno-vn6p3": 0.6062707652570886, "lpj-guess-simfire-blaze": 0.5629614892043286, "lpj-guess-spitfire": 0.41939728216898214, "lpjml5-7-10-fire": 0.5304925301208443, "orchidee-mict": 0.40060468379933245, "ssib4-triffid-fire": 0.6707526567296679, "visit": -0.011503782067119496}, "monthly_corr": {"classic": 0.6062231895043574, "elm-eca": 0.19150645249081508, "jules-inferno-vn6p3": 0.4576166045057639, "lpj-guess-simfire-blaze": 0.5339934374367898, "lpj-guess-spitfire": 0.22086359704994385, "lpjml5-7-10-fire": 0.4536265982857059, "orchidee-mict": -0.1226716638283974, "ssib4-triffid-fire": 0.7292839063758061, "visit": 0.0990555156001758}, "yearly_corr": {"classic": 0.7450925430325567, "elm-eca": 0.0668672530497526, "jules-inferno-vn6p3": 0.513224972835644, "lpj-guess-simfire-blaze": 0.5654511063218753, "lpj-guess-spitfire": 0.23205586015583773, "lpjml5-7-10-fire": 0.07555430312522854, "orchidee-mict": -0.3919409610060187, "ssib4-triffid-fire": 0.7551896529582278, "visit": -0.3710768678906101}}