{"rmse": {"classic": 1.9516794489693994, "elm-eca": 2.8464733748252624, "jules-inferno-vn6p3": 1.8096268072194588, "lpj-guess-simfire-blaze": 1.9990366764135916, "lpj-guess-spitfire": 1.9499202076028643, "lpjml5-7-10-fire": 2.108358562288318, "orchidee-mict": 2.6323877893673844, "ssib4-triffid-fire": 1.7292021795110406, "visit": 2.177490014476958}, "spatial_rmse": {"classic": 0.7898879336387307, "elm-eca": 0.8261588049914323, "jules-inferno-vn6p3": 0.588028291839818, "lpj-guess-simfire-blaze": 0.5978809964601373, "lpj-guess-spitfire": 0.7029282908189954, "lpjml5-7-10-fire": 0.6912418741321509, "orchidee-mict": 1.1874560284544637, "ssib4-triffid-fire": 0.5632502173731252, "visit": 1.1003629484800244}, "corr": {"classic": 0.35052619400245416, "elm-eca": 0.07777533661855467, "jules-inferno-vn6p3": 0.31572052386409427, "lpj-guess-simfire-blaze": 0.27213239427138197, "lpj-guess-spitfire": 0.24605051564492886, "lpjml5-7-10-fire": 0.27348593587478043, "orchidee-mict": 0.14778364013627723, "ssib4-triffid-fire": 0.47589841501559266, "visit": 0.010600449860006427}, "spatial_corr": {"classic": 0.5938859262861506, "elm-eca": 0.27659740025292173, "jules-inferno-vn6p3": 0.6059558412426393, "lpj-guess-simfire-blaze": 0.5845738722400992, "lpj-guess-spitfire": 0.4431029158277422, "lpjml5-7-10-fire": 0.541510567980083, "orchidee-mict": 0.37466299378818096, "ssib4-triffid-fire": 0.6952119936423214, "visit": 0.004420442870717021}, "monthly_corr": {"classic": 0.627049975250642, "elm-eca": 0.009450341169523233, "jules-inferno-vn6p3": 0.4906938746783688, "lpj-guess-simfire-blaze": 0.627663229263428, "lpj-guess-spitfire": 0.4863989656508794, "lpjml5-7-10-fire": 0.4876569432619108, "orchidee-mict": 0.0761218249287088, "ssib4-triffid-fire": 0.8485536893812134, "visit": 0.15735840497497358}, "yearly_corr": {"classic": 0.7523050399284024, "elm-eca": 0.11379276306002031, "jules-inferno-vn6p3": 0.5905669607117197, "lpj-guess-simfire-blaze": 0.39541937373089797, "lpj-guess-spitfire": 0.2598834541047103, "lpjml5-7-10-fire": 0.09758603517657168, "orchidee-mict": -0.21960797182132963, "ssib4-triffid-fire": 0.7464230774769797, "visit": -0.4874086161710608}}